{
    "Energy_Consumed (J)": 10587.295241393673,
    "EDP (J*seconds)": 349449.5854121298,
    "Makespan (seconds)": 492.648086841258
}