{
    "Energy_Consumed (J)": 9854.38376119647,
    "EDP (J*seconds)": 323438.3059336539,
    "Makespan (seconds)": 487.6495577052581
}