{
    "Energy_Consumed (J)": 412403.42657989066,
    "EDP (J*seconds)": 8496828.364620974,
    "Makespan (seconds)": 70.68142461660645
}