{
    "Energy_Consumed (J)": 13087.427672012167,
    "EDP (J*seconds)": 442496.728106604,
    "Makespan (seconds)": 551.5509138332579
}